<!--
   Copyright 2012 International Business Machines Corp.

   See the NOTICE file distributed with this work for additional information
   regarding copyright ownership. Licensed under the Apache License,
   Version 2.0 (the "License"); you may not use this file except in compliance
   with the License. You may obtain a copy of the License at

     http://www.apache.org/licenses/LICENSE-2.0

   Unless required by applicable law or agreed to in writing, software
   distributed under the License is distributed on an "AS IS" BASIS,
   WITHOUT WARRANTIES OR CONDITIONS OF ANY KIND, either express or implied.
   See the License for the specific language governing permissions and
   limitations under the License.

   SPDX-License-Identifier: Apache-2.0
 -->
<project name="batch_tck_sigtest" default="runSigTest" basedir="">

    
    <description>
        Jakarta Batch TCK SigTest
    </description>
    
    <target name="init">
         <loadproperties srcFile="batch-sigtest-tck.properties"/>
    </target>

    <target name="runSigTest" depends="init" description="Runs the SigTest portion of the Jakarta Batch TCK ">

        <taskdef name="sigtest"  classname="com.sun.tdk.signaturetest.ant.ATest"  classpath="${sigtestdev.classes}"/>

        <echo message="Running SigTest with Ant version = ${ant.java.version}"/>

        <condition property="javaLevel" value="6">
            <contains string="${ant.java.version}" substring="1.6"/>
        </condition>
        <condition property="javaLevel" value="7">
            <contains string="${ant.java.version}" substring="1.7"/>
        </condition>
        <condition property="javaLevel" value="8">
            <contains string="${ant.java.version}" substring="1.8"/>
        </condition>

        <property name="sigFile" value="${basedir}/artifacts/batch-api-sigtest-java${javaLevel}.sig"/>

        <echo message="Validating Java level = ${javaLevel} using signature file: ${sigFile}"/>

        <sigtest failonerror="true" filename="${sigFile}">
           <package name="javax.batch"/>
           <classpath>
               <pathelement location="${java.home}/lib/rt.jar"/>
               <pathelement location="${batch.api.classes}"/>
               <pathelement location="${javax.inject.classes}"/>
               <pathelement location="${javax.enterprise.util.classes}"/>
           </classpath>
        </sigtest>
    </target>

</project>

