<!--
   Copyright 2012 International Business Machines Corp.

   See the NOTICE file distributed with this work for additional information
   regarding copyright ownership. Licensed under the Apache License,
   Version 2.0 (the "License"); you may not use this file except in compliance
   with the License. You may obtain a copy of the License at

     http://www.apache.org/licenses/LICENSE-2.0

   Unless required by applicable law or agreed to in writing, software
   distributed under the License is distributed on an "AS IS" BASIS,
   WITHOUT WARRANTIES OR CONDITIONS OF ANY KIND, either express or implied.
   See the License for the specific language governing permissions and
   limitations under the License.

   SPDX-License-Identifier: Apache-2.0
 -->
<!DOCTYPE suite SYSTEM "http://testng.org/testng-1.0.dtd" >

<suite name="Jakarta Batch TCK SE" verbose="2">
    <test name="Jakarta Batch TCK SE">

        <!--  The official SE TCK test suite is the full set of tests in test classes with classname:
              com.ibm.jbatch.tck.tests.jslxml.*, (minus tests removed from execution via an @Ignore annotation). -->
        <packages>
            <package name="com.ibm.jbatch.tck.tests.jslxml" />
        </packages>
        <classes>
            <class name="com.ibm.jbatch.tck.tests.jslxml.ListenerOnErrorTests">
                <methods>
                    <exclude name=".*" />
                </methods>
            </class>
            <class name="com.ibm.jbatch.tck.tests.jslxml.ParallelContextPropagationTests">
                <methods>
                    <exclude name=".*" />
                </methods>
            </class>
            <class name="com.ibm.jbatch.tck.tests.jslxml.PartitionRerunTests">
                <methods>
                    <exclude name=".*" />
                </methods>
            </class>
        </classes>

        <!--  Below is a sample syntax for debugging either an implementation or the TCK itself.  Note that modifying this 
              results in a run which is something less than an "official" execution, since of course this would constitute 
              a run of a different set of test cases than the official TCK test suite. -->

        <!-- Just execute a single method within this test class.  -->
        <!--
        <classes>
            <class name="com.ibm.jbatch.tck.tests.jslxml.ChunkTests">
                <methods>
                    <include name="testChunkRestartChunk5"/> 
                </methods>
            </class> 
        </classes>
        -->
    </test>
</suite>
